order_id,order_date,region,customer_id,product,category,quantity,unit_price,revenue,cost,profit
ORD-00001,2025-10-16,South,CUST-0119,Mouse,Accessories,1,40.01,40.01,15,25.01
ORD-00002,2025-07-26,South,CUST-0116,Mouse,Accessories,5,37.27,186.35,75,111.35
ORD-00003,2025-01-14,West,CUST-0091,Monitor,Electronics,1,288.24,288.24,180,108.24
ORD-00004,2025-08-10,South,CUST-0015,Office Chair,Furniture,4,252.12,1008.48,480,528.48
ORD-00005,2025-12-31,North,CUST-0119,Mouse,Accessories,5,40.61,203.05,75,128.05
ORD-00006,2025-04-28,North,CUST-0056,Headphones,Accessories,3,107.21,321.63,105,216.63
ORD-00007,2025-05-02,South,CUST-0111,Mouse,Accessories,3,41.33,123.99,45,78.99
ORD-00008,2025-02-11,South,CUST-0034,Monitor,Electronics,1,313.65,313.65,180,133.65
ORD-00009,2025-09-07,South,CUST-0090,Printer,Electronics,4,218.67,874.68,360,514.68
ORD-00010,2025-02-25,West,CUST-0101,Mouse,Accessories,2,37.16,74.32,30,44.32
ORD-00011,2025-02-15,East,CUST-0106,Laptop,Electronics,6,931.53,5589.18,3900,1689.18
ORD-00012,2025-02-17,South,CUST-0062,Printer,Electronics,3,229.83,689.49,270,419.49
ORD-00013,2025-06-03,West,CUST-0106,Monitor,Electronics,7,322.27,2255.89,1260,995.89
ORD-00014,2025-09-08,North,CUST-0025,Mouse,Accessories,6,39.41,236.46,90,146.46
ORD-00015,2025-10-01,West,CUST-0141,Monitor,Electronics,6,319.07,1914.42,1080,834.42
ORD-00016,2025-01-24,South,CUST-0029,Monitor,Electronics,6,286.49,1718.94,1080,638.94
ORD-00017,2025-12-22,South,CUST-0107,Laptop,Electronics,6,869.89,5219.34,3900,1319.34
ORD-00018,2025-11-13,West,CUST-0040,Laptop,Electronics,6,930.43,5582.58,3900,1682.58
ORD-00019,2025-09-28,South,CUST-0099,Laptop,Electronics,2,937.08,1874.16,1300,574.16
ORD-00020,2025-02-06,North,CUST-0106,Printer,Electronics,7,215.91,1511.37,630,881.37
ORD-00021,2025-04-11,East,CUST-0122,Mouse,Accessories,5,39.22,196.1,75,121.1
ORD-00022,2025-07-29,West,CUST-0100,Headphones,Accessories,2,99.05,198.1,70,128.1
ORD-00023,2025-09-26,North,CUST-0070,Printer,Electronics,4,212.97,851.88,360,491.88
ORD-00024,2025-11-02,West,CUST-0138,Headphones,Accessories,6,93.11,558.66,210,348.66
ORD-00025,2025-06-13,West,CUST-0117,Headphones,Accessories,5,93.34,466.7,175,291.7
ORD-00026,2025-01-24,South,CUST-0148,Desk,Furniture,4,365.29,1461.16,600,861.16
ORD-00027,2025-05-24,West,CUST-0131,Monitor,Electronics,1,293.79,293.79,180,113.79
ORD-00028,2025-08-15,East,CUST-0124,Headphones,Accessories,1,92.0,92.0,35,57.0
ORD-00029,2025-07-07,North,CUST-0049,Headphones,Accessories,1,105.75,105.75,35,70.75
ORD-00030,2025-10-25,West,CUST-0044,Desk,Furniture,5,364.25,1821.25,750,1071.25
ORD-00031,2025-01-03,East,CUST-0030,Printer,Electronics,5,203.36,1016.8,450,566.8
ORD-00032,2025-12-14,West,CUST-0023,Office Chair,Furniture,2,268.46,536.92,240,296.92
ORD-00033,2025-09-12,South,CUST-0035,Desk,Furniture,6,342.83,2056.98,900,1156.98
ORD-00034,2025-05-11,South,CUST-0054,Headphones,Accessories,2,101.43,202.86,70,132.86
ORD-00035,2025-09-14,West,CUST-0060,Mouse,Accessories,7,41.27,288.89,105,183.89
ORD-00036,2025-04-20,South,CUST-0128,Office Chair,Furniture,6,264.17,1585.02,720,865.02
ORD-00037,2025-10-06,North,CUST-0029,Office Chair,Furniture,3,237.82,713.46,360,353.46
ORD-00038,2025-12-09,East,CUST-0063,Keyboard,Accessories,2,57.27,114.54,50,64.54
ORD-00039,2025-08-10,South,CUST-0056,Printer,Electronics,1,212.73,212.73,90,122.73
ORD-00040,2025-10-08,South,CUST-0104,Headphones,Accessories,1,107.42,107.42,35,72.42
ORD-00041,2025-03-26,South,CUST-0074,Headphones,Accessories,3,98.58,295.74,105,190.74
ORD-00042,2025-12-04,West,CUST-0119,Laptop,Electronics,2,884.96,1769.92,1300,469.92
ORD-00043,2025-04-28,North,CUST-0025,Printer,Electronics,1,206.58,206.58,90,116.58
ORD-00044,2025-06-07,North,CUST-0070,Laptop,Electronics,3,852.68,2558.04,1950,608.04
ORD-00045,2025-08-25,East,CUST-0084,Headphones,Accessories,3,97.88,293.64,105,188.64
ORD-00046,2025-01-01,East,CUST-0019,Mouse,Accessories,5,38.85,194.25,75,119.25
ORD-00047,2025-10-01,South,CUST-0009,Monitor,Electronics,7,289.84,2028.88,1260,768.88
ORD-00048,2025-01-12,East,CUST-0129,Printer,Electronics,4,236.43,945.72,360,585.72
ORD-00049,2025-01-22,South,CUST-0066,Headphones,Accessories,6,96.07,576.42,210,366.42
ORD-00050,2025-08-03,South,CUST-0006,Headphones,Accessories,2,102.34,204.68,70,134.68
ORD-00051,2025-11-09,West,CUST-0067,Laptop,Electronics,3,866.44,2599.32,1950,649.32
ORD-00052,2025-08-02,West,CUST-0036,Mouse,Accessories,5,39.3,196.5,75,121.5
ORD-00053,2025-11-22,East,CUST-0050,Monitor,Electronics,5,281.04,1405.2,900,505.2
ORD-00054,2025-07-15,South,CUST-0057,Desk,Furniture,6,328.32,1969.92,900,1069.92
ORD-00055,2025-07-10,East,CUST-0142,Mouse,Accessories,1,43.12,43.12,15,28.12
ORD-00056,2025-12-06,East,CUST-0098,Mouse,Accessories,2,39.94,79.88,30,49.88
ORD-00057,2025-06-13,North,CUST-0131,Keyboard,Accessories,4,63.81,255.24,100,155.24
ORD-00058,2025-07-26,East,CUST-0079,Office Chair,Furniture,5,257.04,1285.2,600,685.2
ORD-00059,2025-10-21,East,CUST-0083,Keyboard,Accessories,6,62.05,372.3,150,222.3
ORD-00060,2025-11-29,East,CUST-0044,Office Chair,Furniture,3,230.87,692.61,360,332.61
ORD-00061,2025-04-27,East,CUST-0150,Printer,Electronics,5,208.94,1044.7,450,594.7
ORD-00062,2025-09-26,West,CUST-0017,Printer,Electronics,5,218.68,1093.4,450,643.4
ORD-00063,2025-01-02,South,CUST-0094,Keyboard,Accessories,2,56.59,113.18,50,63.18
ORD-00064,2025-02-10,West,CUST-0133,Office Chair,Furniture,7,267.64,1873.48,840,1033.48
ORD-00065,2025-07-06,South,CUST-0105,Mouse,Accessories,1,37.87,37.87,15,22.87
ORD-00066,2025-05-28,East,CUST-0027,Desk,Furniture,5,355.33,1776.65,750,1026.65
ORD-00067,2025-07-12,South,CUST-0038,Monitor,Electronics,3,294.82,884.46,540,344.46
ORD-00068,2025-09-30,South,CUST-0104,Headphones,Accessories,6,104.91,629.46,210,419.46
ORD-00069,2025-04-08,West,CUST-0023,Monitor,Electronics,4,319.33,1277.32,720,557.32
ORD-00070,2025-07-20,West,CUST-0082,Mouse,Accessories,6,41.41,248.46,90,158.46
ORD-00071,2025-02-15,East,CUST-0018,Keyboard,Accessories,6,59.25,355.5,150,205.5
ORD-00072,2025-09-14,West,CUST-0126,Monitor,Electronics,1,316.92,316.92,180,136.92
ORD-00073,2025-09-14,South,CUST-0130,Headphones,Accessories,6,103.64,621.84,210,411.84
ORD-00074,2025-12-26,West,CUST-0032,Laptop,Electronics,6,901.66,5409.96,3900,1509.96
ORD-00075,2025-07-25,East,CUST-0024,Mouse,Accessories,3,39.38,118.14,45,73.14
ORD-00076,2025-07-13,West,CUST-0098,Desk,Furniture,7,367.28,2570.96,1050,1520.96
ORD-00077,2025-09-10,North,CUST-0104,Laptop,Electronics,3,965.29,2895.87,1950,945.87
ORD-00078,2025-12-10,North,CUST-0012,Headphones,Accessories,1,104.78,104.78,35,69.78
ORD-00079,2025-03-22,North,CUST-0079,Monitor,Electronics,3,302.52,907.56,540,367.56
ORD-00080,2025-08-22,South,CUST-0090,Mouse,Accessories,6,39.97,239.82,90,149.82
ORD-00081,2025-02-22,South,CUST-0140,Keyboard,Accessories,1,62.71,62.71,25,37.71
ORD-00082,2025-12-26,North,CUST-0072,Office Chair,Furniture,6,264.39,1586.34,720,866.34
ORD-00083,2025-09-04,East,CUST-0001,Mouse,Accessories,7,38.34,268.38,105,163.38
ORD-00084,2025-04-14,North,CUST-0007,Printer,Electronics,7,209.25,1464.75,630,834.75
ORD-00085,2025-10-29,West,CUST-0122,Desk,Furniture,2,338.51,677.02,300,377.02
ORD-00086,2025-02-09,South,CUST-0094,Office Chair,Furniture,4,230.33,921.32,480,441.32
ORD-00087,2025-04-02,South,CUST-0126,Monitor,Electronics,4,311.65,1246.6,720,526.6
ORD-00088,2025-09-12,West,CUST-0059,Office Chair,Furniture,7,244.02,1708.14,840,868.14
ORD-00089,2025-01-27,East,CUST-0080,Headphones,Accessories,3,92.12,276.36,105,171.36
ORD-00090,2025-04-20,South,CUST-0022,Mouse,Accessories,7,41.15,288.05,105,183.05
ORD-00091,2025-08-10,North,CUST-0112,Keyboard,Accessories,1,58.92,58.92,25,33.92
ORD-00092,2025-10-27,East,CUST-0129,Laptop,Electronics,4,869.45,3477.8,2600,877.8
ORD-00093,2025-11-27,East,CUST-0136,Laptop,Electronics,7,902.37,6316.59,4550,1766.59
ORD-00094,2025-01-07,East,CUST-0082,Printer,Electronics,6,237.27,1423.62,540,883.62
ORD-00095,2025-04-22,East,CUST-0124,Printer,Electronics,6,208.62,1251.72,540,711.72
ORD-00096,2025-07-08,South,CUST-0009,Keyboard,Accessories,2,57.46,114.92,50,64.92
ORD-00097,2025-02-03,West,CUST-0089,Keyboard,Accessories,7,57.99,405.93,175,230.93
ORD-00098,2025-02-03,West,CUST-0008,Monitor,Electronics,4,308.35,1233.4,720,513.4
ORD-00099,2025-02-01,East,CUST-0031,Mouse,Accessories,5,36.88,184.4,75,109.4
ORD-00100,2025-02-28,South,CUST-0064,Desk,Furniture,6,325.86,1955.16,900,1055.16
ORD-00101,2025-02-27,South,CUST-0094,Monitor,Electronics,2,311.79,623.58,360,263.58
ORD-00102,2025-11-22,West,CUST-0113,Desk,Furniture,4,358.13,1432.52,600,832.52
ORD-00103,2025-07-06,West,CUST-0094,Printer,Electronics,7,223.2,1562.4,630,932.4
ORD-00104,2025-12-20,East,CUST-0089,Laptop,Electronics,3,907.47,2722.41,1950,772.41
ORD-00105,2025-01-14,North,CUST-0012,Headphones,Accessories,4,99.59,398.36,140,258.36
ORD-00106,2025-07-03,West,CUST-0140,Monitor,Electronics,5,304.49,1522.45,900,622.45
ORD-00107,2025-09-28,East,CUST-0053,Desk,Furniture,5,372.61,1863.05,750,1113.05
ORD-00108,2025-01-16,South,CUST-0143,Keyboard,Accessories,1,61.11,61.11,25,36.11
ORD-00109,2025-11-08,East,CUST-0117,Desk,Furniture,7,375.02,2625.14,1050,1575.14
ORD-00110,2025-07-23,South,CUST-0038,Desk,Furniture,7,347.57,2432.99,1050,1382.99
ORD-00111,2025-09-01,East,CUST-0150,Office Chair,Furniture,3,247.4,742.2,360,382.2
ORD-00112,2025-07-05,West,CUST-0079,Headphones,Accessories,2,92.74,185.48,70,115.48
ORD-00113,2025-10-11,East,CUST-0147,Monitor,Electronics,6,297.91,1787.46,1080,707.46
ORD-00114,2025-03-06,East,CUST-0018,Headphones,Accessories,4,102.84,411.36,140,271.36
ORD-00115,2025-08-24,West,CUST-0013,Monitor,Electronics,6,277.13,1662.78,1080,582.78
ORD-00116,2025-04-05,West,CUST-0048,Laptop,Electronics,6,937.1,5622.6,3900,1722.6
ORD-00117,2025-07-01,South,CUST-0137,Headphones,Accessories,1,94.1,94.1,35,59.1
ORD-00118,2025-03-14,South,CUST-0093,Monitor,Electronics,2,297.18,594.36,360,234.36
ORD-00119,2025-09-21,West,CUST-0077,Keyboard,Accessories,2,63.14,126.28,50,76.28
ORD-00120,2025-06-01,South,CUST-0017,Headphones,Accessories,4,105.83,423.32,140,283.32
ORD-00121,2025-01-27,East,CUST-0126,Printer,Electronics,2,218.25,436.5,180,256.5
ORD-00122,2025-10-05,South,CUST-0067,Headphones,Accessories,3,101.41,304.23,105,199.23
ORD-00123,2025-10-16,North,CUST-0108,Laptop,Electronics,2,863.38,1726.76,1300,426.76
ORD-00124,2025-12-29,South,CUST-0030,Mouse,Accessories,3,39.97,119.91,45,74.91
ORD-00125,2025-08-24,East,CUST-0056,Office Chair,Furniture,6,242.14,1452.84,720,732.84
ORD-00126,2025-10-30,North,CUST-0116,Mouse,Accessories,2,43.04,86.08,30,56.08
ORD-00127,2025-07-20,West,CUST-0024,Monitor,Electronics,3,300.76,902.28,540,362.28
ORD-00128,2025-06-27,South,CUST-0037,Printer,Electronics,3,231.86,695.58,270,425.58
ORD-00129,2025-09-25,East,CUST-0098,Office Chair,Furniture,2,267.61,535.22,240,295.22
ORD-00130,2025-07-10,North,CUST-0083,Headphones,Accessories,3,105.6,316.8,105,211.8
ORD-00131,2025-11-27,East,CUST-0067,Mouse,Accessories,3,41.91,125.73,45,80.73
ORD-00132,2025-03-28,West,CUST-0088,Printer,Electronics,4,203.58,814.32,360,454.32
ORD-00133,2025-09-24,East,CUST-0024,Office Chair,Furniture,6,242.32,1453.92,720,733.92
ORD-00134,2025-08-06,South,CUST-0022,Mouse,Accessories,5,37.3,186.5,75,111.5
ORD-00135,2025-10-30,East,CUST-0077,Headphones,Accessories,6,92.61,555.66,210,345.66
ORD-00136,2025-02-08,North,CUST-0043,Laptop,Electronics,5,871.65,4358.25,3250,1108.25
ORD-00137,2025-01-31,South,CUST-0046,Mouse,Accessories,3,39.69,119.07,45,74.07
ORD-00138,2025-11-03,North,CUST-0138,Headphones,Accessories,7,98.96,692.72,245,447.72
ORD-00139,2025-07-09,North,CUST-0093,Printer,Electronics,7,205.06,1435.42,630,805.42
ORD-00140,2025-01-26,West,CUST-0092,Keyboard,Accessories,6,62.8,376.8,150,226.8
ORD-00141,2025-09-25,East,CUST-0017,Office Chair,Furniture,3,236.51,709.53,360,349.53
ORD-00142,2025-01-15,West,CUST-0117,Headphones,Accessories,4,102.75,411.0,140,271.0
ORD-00143,2025-04-30,West,CUST-0017,Office Chair,Furniture,6,237.88,1427.28,720,707.28
ORD-00144,2025-09-16,East,CUST-0116,Office Chair,Furniture,5,257.08,1285.4,600,685.4
ORD-00145,2025-02-24,North,CUST-0091,Desk,Furniture,5,356.64,1783.2,750,1033.2
ORD-00146,2025-10-16,North,CUST-0094,Keyboard,Accessories,7,61.21,428.47,175,253.47
ORD-00147,2025-09-08,South,CUST-0129,Desk,Furniture,6,368.21,2209.26,900,1309.26
ORD-00148,2025-12-24,North,CUST-0120,Keyboard,Accessories,4,57.17,228.68,100,128.68
ORD-00149,2025-11-18,West,CUST-0021,Printer,Electronics,7,225.48,1578.36,630,948.36
ORD-00150,2025-02-20,North,CUST-0144,Monitor,Electronics,4,304.45,1217.8,720,497.8
ORD-00151,2025-08-06,South,CUST-0017,Keyboard,Accessories,2,60.86,121.72,50,71.72
ORD-00152,2025-11-11,South,CUST-0104,Monitor,Electronics,1,316.22,316.22,180,136.22
ORD-00153,2025-02-14,East,CUST-0034,Printer,Electronics,4,204.35,817.4,360,457.4
ORD-00154,2025-02-24,South,CUST-0056,Office Chair,Furniture,5,235.38,1176.9,600,576.9
ORD-00155,2025-05-17,South,CUST-0105,Printer,Electronics,3,220.37,661.11,270,391.11
ORD-00156,2025-04-04,West,CUST-0045,Laptop,Electronics,4,949.9,3799.6,2600,1199.6
ORD-00157,2025-06-30,West,CUST-0038,Office Chair,Furniture,2,246.18,492.36,240,252.36
ORD-00158,2025-11-07,North,CUST-0136,Keyboard,Accessories,1,55.71,55.71,25,30.71
ORD-00159,2025-02-17,West,CUST-0056,Keyboard,Accessories,3,59.16,177.48,75,102.48
ORD-00160,2025-12-19,North,CUST-0115,Keyboard,Accessories,1,57.06,57.06,25,32.06
ORD-00161,2025-09-28,South,CUST-0064,Laptop,Electronics,2,937.02,1874.04,1300,574.04
ORD-00162,2025-06-17,East,CUST-0061,Printer,Electronics,6,209.74,1258.44,540,718.44
ORD-00163,2025-03-10,East,CUST-0104,Printer,Electronics,7,224.3,1570.1,630,940.1
ORD-00164,2025-03-07,South,CUST-0004,Printer,Electronics,6,210.83,1264.98,540,724.98
ORD-00165,2025-07-31,East,CUST-0020,Monitor,Electronics,7,301.18,2108.26,1260,848.26
ORD-00166,2025-09-13,West,CUST-0149,Laptop,Electronics,1,913.18,913.18,650,263.18
ORD-00167,2025-07-12,South,CUST-0051,Laptop,Electronics,6,939.26,5635.56,3900,1735.56
ORD-00168,2025-06-26,East,CUST-0147,Printer,Electronics,1,227.87,227.87,90,137.87
ORD-00169,2025-07-20,East,CUST-0041,Desk,Furniture,6,359.25,2155.5,900,1255.5
ORD-00170,2025-06-08,East,CUST-0023,Headphones,Accessories,5,101.28,506.4,175,331.4
ORD-00171,2025-08-30,South,CUST-0149,Mouse,Accessories,5,39.54,197.7,75,122.7
ORD-00172,2025-09-23,North,CUST-0132,Office Chair,Furniture,4,247.85,991.4,480,511.4
ORD-00173,2025-06-18,South,CUST-0062,Mouse,Accessories,1,38.91,38.91,15,23.91
ORD-00174,2025-09-16,North,CUST-0029,Desk,Furniture,1,330.56,330.56,150,180.56
ORD-00175,2025-11-30,West,CUST-0074,Office Chair,Furniture,1,257.03,257.03,120,137.03
ORD-00176,2025-08-01,North,CUST-0062,Headphones,Accessories,2,94.47,188.94,70,118.94
ORD-00177,2025-04-03,East,CUST-0099,Keyboard,Accessories,3,64.34,193.02,75,118.02
ORD-00178,2025-11-28,North,CUST-0035,Printer,Electronics,1,234.37,234.37,90,144.37
ORD-00179,2025-08-19,South,CUST-0040,Laptop,Electronics,7,944.58,6612.06,4550,2062.06
ORD-00180,2025-06-17,South,CUST-0073,Office Chair,Furniture,6,236.96,1421.76,720,701.76
ORD-00181,2025-09-18,East,CUST-0090,Mouse,Accessories,3,42.3,126.9,45,81.9
ORD-00182,2025-10-21,East,CUST-0048,Laptop,Electronics,3,885.57,2656.71,1950,706.71
ORD-00183,2025-08-22,South,CUST-0014,Office Chair,Furniture,5,254.02,1270.1,600,670.1
ORD-00184,2025-08-25,West,CUST-0057,Printer,Electronics,1,205.95,205.95,90,115.95
ORD-00185,2025-01-05,East,CUST-0078,Office Chair,Furniture,1,267.36,267.36,120,147.36
ORD-00186,2025-09-07,East,CUST-0068,Desk,Furniture,5,354.75,1773.75,750,1023.75
ORD-00187,2025-07-31,North,CUST-0003,Headphones,Accessories,1,99.07,99.07,35,64.07
ORD-00188,2025-09-11,East,CUST-0106,Desk,Furniture,2,355.19,710.38,300,410.38
ORD-00189,2025-10-13,North,CUST-0133,Office Chair,Furniture,6,251.6,1509.6,720,789.6
ORD-00190,2025-01-16,West,CUST-0037,Laptop,Electronics,5,950.92,4754.6,3250,1504.6
ORD-00191,2025-02-20,South,CUST-0107,Desk,Furniture,5,369.12,1845.6,750,1095.6
ORD-00192,2025-03-21,West,CUST-0141,Laptop,Electronics,6,844.98,5069.88,3900,1169.88
ORD-00193,2025-05-05,North,CUST-0062,Headphones,Accessories,2,98.42,196.84,70,126.84
ORD-00194,2025-10-14,North,CUST-0127,Mouse,Accessories,3,41.11,123.33,45,78.33
ORD-00195,2025-08-21,West,CUST-0119,Headphones,Accessories,6,94.65,567.9,210,357.9
ORD-00196,2025-01-07,East,CUST-0119,Laptop,Electronics,2,909.64,1819.28,1300,519.28
ORD-00197,2025-03-14,North,CUST-0119,Desk,Furniture,3,352.07,1056.21,450,606.21
ORD-00198,2025-05-23,East,CUST-0023,Desk,Furniture,6,361.38,2168.28,900,1268.28
ORD-00199,2025-03-25,South,CUST-0093,Headphones,Accessories,7,104.26,729.82,245,484.82
ORD-00200,2025-09-13,North,CUST-0001,Office Chair,Furniture,2,248.2,496.4,240,256.4
ORD-00201,2025-12-11,North,CUST-0118,Laptop,Electronics,5,874.93,4374.65,3250,1124.65
ORD-00202,2025-01-22,North,CUST-0145,Monitor,Electronics,3,318.1,954.3,540,414.3
ORD-00203,2025-12-27,South,CUST-0037,Mouse,Accessories,4,37.02,148.08,60,88.08
ORD-00204,2025-09-11,West,CUST-0135,Laptop,Electronics,3,908.14,2724.42,1950,774.42
ORD-00205,2025-04-09,West,CUST-0148,Printer,Electronics,3,221.82,665.46,270,395.46
ORD-00206,2025-02-04,West,CUST-0002,Mouse,Accessories,7,37.27,260.89,105,155.89
ORD-00207,2025-08-09,East,CUST-0071,Headphones,Accessories,3,93.2,279.6,105,174.6
ORD-00208,2025-10-26,East,CUST-0070,Keyboard,Accessories,6,55.77,334.62,150,184.62
ORD-00209,2025-05-23,East,CUST-0060,Printer,Electronics,3,220.47,661.41,270,391.41
ORD-00210,2025-01-28,South,CUST-0113,Laptop,Electronics,6,865.29,5191.74,3900,1291.74
ORD-00211,2025-07-25,South,CUST-0113,Monitor,Electronics,2,318.35,636.7,360,276.7
ORD-00212,2025-09-03,East,CUST-0092,Mouse,Accessories,7,39.63,277.41,105,172.41
ORD-00213,2025-10-01,West,CUST-0004,Laptop,Electronics,4,964.3,3857.2,2600,1257.2
ORD-00214,2025-05-03,East,CUST-0135,Keyboard,Accessories,3,59.6,178.8,75,103.8
ORD-00215,2025-10-15,East,CUST-0088,Mouse,Accessories,5,37.56,187.8,75,112.8
ORD-00216,2025-03-23,East,CUST-0046,Monitor,Electronics,3,279.45,838.35,540,298.35
ORD-00217,2025-08-20,South,CUST-0068,Headphones,Accessories,4,94.18,376.72,140,236.72
ORD-00218,2025-09-15,West,CUST-0094,Keyboard,Accessories,5,60.89,304.45,125,179.45
ORD-00219,2025-09-03,East,CUST-0106,Monitor,Electronics,7,285.09,1995.63,1260,735.63
ORD-00220,2025-12-17,West,CUST-0148,Office Chair,Furniture,2,244.71,489.42,240,249.42
ORD-00221,2025-05-06,South,CUST-0080,Printer,Electronics,6,218.97,1313.82,540,773.82
ORD-00222,2025-12-01,North,CUST-0079,Monitor,Electronics,2,276.23,552.46,360,192.46
ORD-00223,2025-01-08,South,CUST-0112,Printer,Electronics,7,233.6,1635.2,630,1005.2
ORD-00224,2025-08-11,North,CUST-0081,Laptop,Electronics,4,857.11,3428.44,2600,828.44
ORD-00225,2025-06-29,North,CUST-0081,Monitor,Electronics,3,288.61,865.83,540,325.83
ORD-00226,2025-02-27,North,CUST-0007,Laptop,Electronics,5,853.69,4268.45,3250,1018.45
ORD-00227,2025-02-01,North,CUST-0052,Headphones,Accessories,6,95.23,571.38,210,361.38
ORD-00228,2025-07-07,West,CUST-0008,Mouse,Accessories,1,42.78,42.78,15,27.78
ORD-00229,2025-11-22,South,CUST-0144,Laptop,Electronics,5,845.58,4227.9,3250,977.9
ORD-00230,2025-05-06,West,CUST-0113,Printer,Electronics,4,218.18,872.72,360,512.72
ORD-00231,2025-05-07,West,CUST-0119,Mouse,Accessories,1,42.19,42.19,15,27.19
ORD-00232,2025-09-12,East,CUST-0146,Desk,Furniture,6,346.41,2078.46,900,1178.46
ORD-00233,2025-11-20,East,CUST-0002,Office Chair,Furniture,2,254.41,508.82,240,268.82
ORD-00234,2025-12-18,North,CUST-0113,Desk,Furniture,5,376.09,1880.45,750,1130.45
ORD-00235,2025-08-14,East,CUST-0065,Office Chair,Furniture,6,231.94,1391.64,720,671.64
ORD-00236,2025-08-14,West,CUST-0037,Desk,Furniture,3,354.68,1064.04,450,614.04
ORD-00237,2025-04-14,West,CUST-0104,Mouse,Accessories,5,41.29,206.45,75,131.45
ORD-00238,2025-05-21,East,CUST-0058,Mouse,Accessories,3,43.14,129.42,45,84.42
ORD-00239,2025-09-21,East,CUST-0039,Laptop,Electronics,6,901.85,5411.1,3900,1511.1
ORD-00240,2025-06-16,South,CUST-0086,Mouse,Accessories,2,37.43,74.86,30,44.86
ORD-00241,2025-09-09,North,CUST-0131,Office Chair,Furniture,1,233.73,233.73,120,113.73
ORD-00242,2025-03-16,South,CUST-0036,Monitor,Electronics,1,319.61,319.61,180,139.61
ORD-00243,2025-11-15,West,CUST-0093,Headphones,Accessories,3,102.64,307.92,105,202.92
ORD-00244,2025-01-28,East,CUST-0028,Office Chair,Furniture,3,243.33,729.99,360,369.99
ORD-00245,2025-04-01,South,CUST-0052,Printer,Electronics,1,224.71,224.71,90,134.71
ORD-00246,2025-10-16,West,CUST-0004,Printer,Electronics,1,228.17,228.17,90,138.17
ORD-00247,2025-07-09,South,CUST-0140,Office Chair,Furniture,6,236.18,1417.08,720,697.08
ORD-00248,2025-04-05,East,CUST-0102,Laptop,Electronics,4,835.92,3343.68,2600,743.68
ORD-00249,2025-05-28,East,CUST-0044,Headphones,Accessories,6,107.23,643.38,210,433.38
ORD-00250,2025-11-23,East,CUST-0074,Keyboard,Accessories,3,56.83,170.49,75,95.49
ORD-00251,2025-01-12,North,CUST-0028,Laptop,Electronics,2,920.87,1841.74,1300,541.74
ORD-00252,2025-09-07,North,CUST-0054,Desk,Furniture,3,344.4,1033.2,450,583.2
ORD-00253,2025-11-13,East,CUST-0105,Keyboard,Accessories,5,59.84,299.2,125,174.2
ORD-00254,2025-11-08,East,CUST-0122,Printer,Electronics,5,215.5,1077.5,450,627.5
ORD-00255,2025-10-17,South,CUST-0059,Monitor,Electronics,5,299.02,1495.1,900,595.1
ORD-00256,2025-09-09,North,CUST-0097,Headphones,Accessories,6,99.33,595.98,210,385.98
ORD-00257,2025-09-18,West,CUST-0130,Headphones,Accessories,4,92.95,371.8,140,231.8
ORD-00258,2025-09-25,West,CUST-0095,Mouse,Accessories,4,41.69,166.76,60,106.76
ORD-00259,2025-12-03,North,CUST-0058,Printer,Electronics,6,208.52,1251.12,540,711.12
ORD-00260,2025-02-01,South,CUST-0029,Headphones,Accessories,4,106.36,425.44,140,285.44
ORD-00261,2025-06-08,North,CUST-0069,Keyboard,Accessories,2,59.22,118.44,50,68.44
ORD-00262,2025-01-03,North,CUST-0103,Office Chair,Furniture,2,250.93,501.86,240,261.86
ORD-00263,2025-03-27,North,CUST-0042,Laptop,Electronics,7,860.85,6025.95,4550,1475.95
ORD-00264,2025-05-27,North,CUST-0139,Desk,Furniture,5,353.94,1769.7,750,1019.7
ORD-00265,2025-11-17,South,CUST-0093,Monitor,Electronics,1,283.57,283.57,180,103.57
ORD-00266,2025-10-19,South,CUST-0102,Keyboard,Accessories,2,63.89,127.78,50,77.78
ORD-00267,2025-05-29,North,CUST-0148,Laptop,Electronics,7,971.54,6800.78,4550,2250.78
ORD-00268,2025-07-17,South,CUST-0021,Keyboard,Accessories,7,58.03,406.21,175,231.21
ORD-00269,2025-08-07,East,CUST-0092,Laptop,Electronics,5,957.08,4785.4,3250,1535.4
ORD-00270,2025-08-03,North,CUST-0091,Office Chair,Furniture,7,252.69,1768.83,840,928.83
ORD-00271,2025-11-06,South,CUST-0024,Desk,Furniture,1,353.21,353.21,150,203.21
ORD-00272,2025-09-10,West,CUST-0108,Monitor,Electronics,3,301.51,904.53,540,364.53
ORD-00273,2025-12-25,North,CUST-0045,Laptop,Electronics,3,950.53,2851.59,1950,901.59
ORD-00274,2025-10-15,East,CUST-0029,Headphones,Accessories,6,92.18,553.08,210,343.08
ORD-00275,2025-02-02,East,CUST-0116,Printer,Electronics,7,232.62,1628.34,630,998.34
ORD-00276,2025-11-16,South,CUST-0067,Headphones,Accessories,7,92.75,649.25,245,404.25
ORD-00277,2025-09-24,South,CUST-0107,Keyboard,Accessories,2,60.08,120.16,50,70.16
ORD-00278,2025-02-06,North,CUST-0129,Desk,Furniture,2,363.5,727.0,300,427.0
ORD-00279,2025-02-05,North,CUST-0133,Printer,Electronics,4,236.64,946.56,360,586.56
ORD-00280,2025-07-27,West,CUST-0146,Laptop,Electronics,7,956.86,6698.02,4550,2148.02
ORD-00281,2025-09-26,South,CUST-0022,Mouse,Accessories,4,37.34,149.36,60,89.36
ORD-00282,2025-11-01,East,CUST-0129,Headphones,Accessories,5,107.78,538.9,175,363.9
ORD-00283,2025-10-22,North,CUST-0065,Headphones,Accessories,7,92.72,649.04,245,404.04
ORD-00284,2025-03-29,East,CUST-0006,Printer,Electronics,3,224.06,672.18,270,402.18
ORD-00285,2025-10-31,West,CUST-0033,Mouse,Accessories,7,40.19,281.33,105,176.33
ORD-00286,2025-09-04,South,CUST-0001,Mouse,Accessories,2,38.21,76.42,30,46.42
ORD-00287,2025-02-26,South,CUST-0144,Headphones,Accessories,3,100.54,301.62,105,196.62
ORD-00288,2025-11-22,South,CUST-0065,Keyboard,Accessories,2,58.39,116.78,50,66.78
ORD-00289,2025-08-19,East,CUST-0072,Monitor,Electronics,6,299.33,1795.98,1080,715.98
ORD-00290,2025-07-25,North,CUST-0115,Mouse,Accessories,1,37.49,37.49,15,22.49
ORD-00291,2025-05-01,North,CUST-0010,Keyboard,Accessories,6,56.58,339.48,150,189.48
ORD-00292,2025-04-05,North,CUST-0084,Headphones,Accessories,4,105.93,423.72,140,283.72
ORD-00293,2025-07-19,North,CUST-0149,Monitor,Electronics,1,277.45,277.45,180,97.45
ORD-00294,2025-03-13,West,CUST-0071,Keyboard,Accessories,2,58.71,117.42,50,67.42
ORD-00295,2025-10-26,West,CUST-0050,Desk,Furniture,1,352.86,352.86,150,202.86
ORD-00296,2025-05-16,North,CUST-0104,Office Chair,Furniture,5,256.7,1283.5,600,683.5
ORD-00297,2025-11-03,West,CUST-0115,Monitor,Electronics,1,314.87,314.87,180,134.87
ORD-00298,2025-11-28,North,CUST-0080,Laptop,Electronics,7,963.15,6742.05,4550,2192.05
ORD-00299,2025-03-13,South,CUST-0012,Headphones,Accessories,7,98.53,689.71,245,444.71
ORD-00300,2025-10-14,South,CUST-0034,Printer,Electronics,4,217.32,869.28,360,509.28
ORD-00301,2025-03-08,South,CUST-0030,Printer,Electronics,7,209.36,1465.52,630,835.52
ORD-00302,2025-04-01,South,CUST-0134,Office Chair,Furniture,4,239.7,958.8,480,478.8
ORD-00303,2025-08-17,North,CUST-0044,Keyboard,Accessories,1,56.25,56.25,25,31.25
ORD-00304,2025-02-27,West,CUST-0111,Laptop,Electronics,1,971.65,971.65,650,321.65
ORD-00305,2025-05-26,North,CUST-0085,Headphones,Accessories,1,96.28,96.28,35,61.28
ORD-00306,2025-05-12,North,CUST-0036,Desk,Furniture,3,343.26,1029.78,450,579.78
ORD-00307,2025-10-05,East,CUST-0047,Desk,Furniture,3,347.45,1042.35,450,592.35
ORD-00308,2025-12-12,West,CUST-0122,Keyboard,Accessories,4,64.02,256.08,100,156.08
ORD-00309,2025-02-03,West,CUST-0044,Headphones,Accessories,5,94.6,473.0,175,298.0
ORD-00310,2025-07-22,North,CUST-0114,Headphones,Accessories,4,97.25,389.0,140,249.0
ORD-00311,2025-11-14,North,CUST-0030,Mouse,Accessories,4,40.23,160.92,60,100.92
ORD-00312,2025-04-26,North,CUST-0136,Mouse,Accessories,6,37.68,226.08,90,136.08
ORD-00313,2025-05-15,South,CUST-0108,Monitor,Electronics,2,298.43,596.86,360,236.86
ORD-00314,2025-03-29,South,CUST-0117,Headphones,Accessories,5,99.82,499.1,175,324.1
ORD-00315,2025-11-09,North,CUST-0047,Laptop,Electronics,4,909.39,3637.56,2600,1037.56
ORD-00316,2025-08-11,East,CUST-0075,Printer,Electronics,7,233.56,1634.92,630,1004.92
ORD-00317,2025-07-17,North,CUST-0037,Keyboard,Accessories,6,56.47,338.82,150,188.82
ORD-00318,2025-06-09,West,CUST-0008,Mouse,Accessories,5,41.51,207.55,75,132.55
ORD-00319,2025-01-15,North,CUST-0060,Mouse,Accessories,2,37.89,75.78,30,45.78
ORD-00320,2025-12-20,South,CUST-0075,Printer,Electronics,7,222.16,1555.12,630,925.12
ORD-00321,2025-10-12,North,CUST-0029,Printer,Electronics,5,221.23,1106.15,450,656.15
ORD-00322,2025-03-29,West,CUST-0140,Desk,Furniture,1,374.33,374.33,150,224.33
ORD-00323,2025-12-01,South,CUST-0080,Keyboard,Accessories,3,55.34,166.02,75,91.02
ORD-00324,2025-06-25,North,CUST-0039,Office Chair,Furniture,3,266.67,800.01,360,440.01
ORD-00325,2025-05-22,East,CUST-0037,Desk,Furniture,3,323.82,971.46,450,521.46
ORD-00326,2025-05-15,East,CUST-0114,Desk,Furniture,4,341.82,1367.28,600,767.28
ORD-00327,2025-07-22,East,CUST-0101,Mouse,Accessories,6,41.2,247.2,90,157.2
ORD-00328,2025-02-01,East,CUST-0065,Desk,Furniture,5,354.75,1773.75,750,1023.75
ORD-00329,2025-01-21,South,CUST-0053,Headphones,Accessories,5,99.92,499.6,175,324.6
ORD-00330,2025-08-18,South,CUST-0096,Laptop,Electronics,5,870.53,4352.65,3250,1102.65
ORD-00331,2025-10-30,West,CUST-0023,Mouse,Accessories,4,39.42,157.68,60,97.68
ORD-00332,2025-05-30,West,CUST-0104,Office Chair,Furniture,6,255.71,1534.26,720,814.26
ORD-00333,2025-05-31,South,CUST-0012,Mouse,Accessories,4,36.86,147.44,60,87.44
ORD-00334,2025-12-17,North,CUST-0006,Desk,Furniture,3,369.64,1108.92,450,658.92
ORD-00335,2025-03-24,West,CUST-0010,Mouse,Accessories,5,37.21,186.05,75,111.05
ORD-00336,2025-11-04,East,CUST-0142,Headphones,Accessories,2,92.91,185.82,70,115.82
ORD-00337,2025-01-03,West,CUST-0031,Mouse,Accessories,3,41.84,125.52,45,80.52
ORD-00338,2025-08-29,West,CUST-0106,Desk,Furniture,7,344.86,2414.02,1050,1364.02
ORD-00339,2025-05-27,West,CUST-0104,Office Chair,Furniture,1,251.11,251.11,120,131.11
ORD-00340,2025-04-27,East,CUST-0127,Office Chair,Furniture,3,249.8,749.4,360,389.4
ORD-00341,2025-04-15,West,CUST-0006,Printer,Electronics,5,229.1,1145.5,450,695.5
ORD-00342,2025-10-06,North,CUST-0110,Keyboard,Accessories,2,55.31,110.62,50,60.62
ORD-00343,2025-06-07,South,CUST-0124,Mouse,Accessories,4,40.67,162.68,60,102.68
ORD-00344,2025-02-05,East,CUST-0112,Mouse,Accessories,7,39.58,277.06,105,172.06
ORD-00345,2025-03-24,East,CUST-0039,Monitor,Electronics,6,322.25,1933.5,1080,853.5
ORD-00346,2025-03-30,South,CUST-0046,Printer,Electronics,6,234.73,1408.38,540,868.38
ORD-00347,2025-06-17,East,CUST-0032,Desk,Furniture,6,343.64,2061.84,900,1161.84
ORD-00348,2025-06-28,West,CUST-0131,Monitor,Electronics,2,281.19,562.38,360,202.38
ORD-00349,2025-12-14,North,CUST-0075,Mouse,Accessories,2,40.57,81.14,30,51.14
ORD-00350,2025-02-18,West,CUST-0029,Keyboard,Accessories,6,60.49,362.94,150,212.94
ORD-00351,2025-08-19,South,CUST-0105,Office Chair,Furniture,4,269.99,1079.96,480,599.96
ORD-00352,2025-03-24,West,CUST-0132,Desk,Furniture,6,325.29,1951.74,900,1051.74
ORD-00353,2025-10-03,South,CUST-0041,Laptop,Electronics,4,969.58,3878.32,2600,1278.32
ORD-00354,2025-01-17,North,CUST-0064,Printer,Electronics,2,206.63,413.26,180,233.26
ORD-00355,2025-05-08,East,CUST-0094,Keyboard,Accessories,1,59.7,59.7,25,34.7
ORD-00356,2025-12-15,West,CUST-0044,Office Chair,Furniture,2,244.3,488.6,240,248.6
ORD-00357,2025-10-21,South,CUST-0123,Laptop,Electronics,7,945.07,6615.49,4550,2065.49
ORD-00358,2025-04-19,East,CUST-0007,Office Chair,Furniture,1,247.63,247.63,120,127.63
ORD-00359,2025-05-15,West,CUST-0112,Laptop,Electronics,5,878.47,4392.35,3250,1142.35
ORD-00360,2025-11-20,West,CUST-0012,Monitor,Electronics,4,300.44,1201.76,720,481.76
ORD-00361,2025-09-13,South,CUST-0075,Keyboard,Accessories,6,57.0,342.0,150,192.0
ORD-00362,2025-05-06,East,CUST-0063,Office Chair,Furniture,5,233.45,1167.25,600,567.25
ORD-00363,2025-11-11,West,CUST-0120,Keyboard,Accessories,3,59.5,178.5,75,103.5
ORD-00364,2025-05-30,North,CUST-0101,Office Chair,Furniture,4,262.83,1051.32,480,571.32
ORD-00365,2025-02-16,South,CUST-0011,Office Chair,Furniture,5,264.88,1324.4,600,724.4
ORD-00366,2025-03-03,South,CUST-0004,Headphones,Accessories,2,100.01,200.02,70,130.02
ORD-00367,2025-11-08,North,CUST-0120,Keyboard,Accessories,5,60.85,304.25,125,179.25
ORD-00368,2025-05-27,West,CUST-0096,Keyboard,Accessories,6,60.26,361.56,150,211.56
ORD-00369,2025-09-26,South,CUST-0101,Mouse,Accessories,2,40.45,80.9,30,50.9
ORD-00370,2025-05-11,East,CUST-0146,Printer,Electronics,7,220.75,1545.25,630,915.25
ORD-00371,2025-05-29,North,CUST-0044,Headphones,Accessories,1,93.12,93.12,35,58.12
ORD-00372,2025-10-24,West,CUST-0069,Headphones,Accessories,5,96.83,484.15,175,309.15
ORD-00373,2025-01-30,West,CUST-0047,Monitor,Electronics,5,317.4,1587.0,900,687.0
ORD-00374,2025-04-03,West,CUST-0133,Laptop,Electronics,7,875.86,6131.02,4550,1581.02
ORD-00375,2025-03-07,East,CUST-0150,Monitor,Electronics,2,283.05,566.1,360,206.1
ORD-00376,2025-03-22,West,CUST-0105,Keyboard,Accessories,2,59.77,119.54,50,69.54
ORD-00377,2025-12-04,West,CUST-0012,Mouse,Accessories,4,37.15,148.6,60,88.6
ORD-00378,2025-02-26,North,CUST-0116,Laptop,Electronics,4,845.31,3381.24,2600,781.24
ORD-00379,2025-10-17,West,CUST-0117,Desk,Furniture,1,366.06,366.06,150,216.06
ORD-00380,2025-07-23,North,CUST-0022,Office Chair,Furniture,7,234.17,1639.19,840,799.19
ORD-00381,2025-09-19,East,CUST-0040,Headphones,Accessories,3,94.55,283.65,105,178.65
ORD-00382,2025-04-23,South,CUST-0140,Laptop,Electronics,5,922.82,4614.1,3250,1364.1
ORD-00383,2025-12-21,North,CUST-0127,Desk,Furniture,1,325.42,325.42,150,175.42
ORD-00384,2025-12-11,South,CUST-0075,Desk,Furniture,2,332.01,664.02,300,364.02
ORD-00385,2025-09-02,North,CUST-0143,Office Chair,Furniture,4,257.15,1028.6,480,548.6
ORD-00386,2025-08-16,South,CUST-0072,Mouse,Accessories,6,37.59,225.54,90,135.54
ORD-00387,2025-04-07,South,CUST-0147,Headphones,Accessories,6,105.03,630.18,210,420.18
ORD-00388,2025-09-10,West,CUST-0109,Mouse,Accessories,6,40.25,241.5,90,151.5
ORD-00389,2025-09-27,East,CUST-0114,Laptop,Electronics,5,937.21,4686.05,3250,1436.05
ORD-00390,2025-08-11,South,CUST-0028,Laptop,Electronics,7,907.38,6351.66,4550,1801.66
ORD-00391,2025-02-13,North,CUST-0088,Mouse,Accessories,5,36.86,184.3,75,109.3
ORD-00392,2025-10-15,West,CUST-0049,Printer,Electronics,2,220.96,441.92,180,261.92
ORD-00393,2025-08-09,East,CUST-0004,Headphones,Accessories,1,105.78,105.78,35,70.78
ORD-00394,2025-03-21,East,CUST-0137,Laptop,Electronics,6,926.3,5557.8,3900,1657.8
ORD-00395,2025-02-19,East,CUST-0019,Office Chair,Furniture,2,269.59,539.18,240,299.18
ORD-00396,2025-01-03,South,CUST-0030,Laptop,Electronics,3,847.71,2543.13,1950,593.13
ORD-00397,2025-06-17,West,CUST-0064,Keyboard,Accessories,7,64.38,450.66,175,275.66
ORD-00398,2025-03-23,North,CUST-0144,Mouse,Accessories,2,43.2,86.4,30,56.4
ORD-00399,2025-03-25,North,CUST-0049,Keyboard,Accessories,3,56.35,169.05,75,94.05
ORD-00400,2025-07-26,North,CUST-0013,Laptop,Electronics,6,899.54,5397.24,3900,1497.24
ORD-00401,2025-10-21,North,CUST-0057,Printer,Electronics,5,212.65,1063.25,450,613.25
ORD-00402,2025-07-04,South,CUST-0075,Keyboard,Accessories,5,60.09,300.45,125,175.45
ORD-00403,2025-05-11,South,CUST-0071,Mouse,Accessories,5,37.17,185.85,75,110.85
ORD-00404,2025-10-27,West,CUST-0032,Office Chair,Furniture,5,242.68,1213.4,600,613.4
ORD-00405,2025-07-19,West,CUST-0071,Mouse,Accessories,4,40.33,161.32,60,101.32
ORD-00406,2025-11-01,West,CUST-0105,Printer,Electronics,4,209.56,838.24,360,478.24
ORD-00407,2025-10-20,West,CUST-0051,Office Chair,Furniture,5,262.38,1311.9,600,711.9
ORD-00408,2025-07-06,East,CUST-0006,Keyboard,Accessories,3,63.86,191.58,75,116.58
ORD-00409,2025-06-23,West,CUST-0056,Desk,Furniture,2,365.07,730.14,300,430.14
ORD-00410,2025-06-05,East,CUST-0066,Monitor,Electronics,4,277.68,1110.72,720,390.72
ORD-00411,2025-07-31,North,CUST-0117,Printer,Electronics,2,228.23,456.46,180,276.46
ORD-00412,2025-08-19,West,CUST-0120,Desk,Furniture,1,333.42,333.42,150,183.42
ORD-00413,2025-05-29,South,CUST-0045,Monitor,Electronics,7,296.95,2078.65,1260,818.65
ORD-00414,2025-10-19,North,CUST-0033,Printer,Electronics,3,206.02,618.06,270,348.06
ORD-00415,2025-05-29,North,CUST-0131,Printer,Electronics,1,215.95,215.95,90,125.95
ORD-00416,2025-10-31,East,CUST-0081,Monitor,Electronics,3,323.51,970.53,540,430.53
ORD-00417,2025-10-04,East,CUST-0043,Laptop,Electronics,5,896.31,4481.55,3250,1231.55
ORD-00418,2025-11-12,East,CUST-0115,Mouse,Accessories,1,36.82,36.82,15,21.82
ORD-00419,2025-12-15,West,CUST-0033,Monitor,Electronics,5,302.96,1514.8,900,614.8
ORD-00420,2025-10-15,South,CUST-0116,Laptop,Electronics,7,970.84,6795.88,4550,2245.88
ORD-00421,2025-09-23,East,CUST-0139,Mouse,Accessories,2,39.76,79.52,30,49.52
ORD-00422,2025-10-28,East,CUST-0133,Laptop,Electronics,1,865.91,865.91,650,215.91
ORD-00423,2025-07-08,North,CUST-0034,Monitor,Electronics,6,280.31,1681.86,1080,601.86
ORD-00424,2025-04-10,North,CUST-0013,Keyboard,Accessories,5,60.47,302.35,125,177.35
ORD-00425,2025-06-22,North,CUST-0052,Monitor,Electronics,4,305.51,1222.04,720,502.04
ORD-00426,2025-12-03,North,CUST-0087,Monitor,Electronics,1,313.03,313.03,180,133.03
ORD-00427,2025-11-25,East,CUST-0129,Desk,Furniture,7,368.42,2578.94,1050,1528.94
ORD-00428,2025-03-22,North,CUST-0039,Laptop,Electronics,2,938.53,1877.06,1300,577.06
ORD-00429,2025-07-28,West,CUST-0126,Headphones,Accessories,1,102.26,102.26,35,67.26
ORD-00430,2025-06-07,South,CUST-0003,Keyboard,Accessories,2,63.59,127.18,50,77.18
ORD-00431,2025-10-02,East,CUST-0138,Desk,Furniture,2,327.65,655.3,300,355.3
ORD-00432,2025-10-31,South,CUST-0091,Headphones,Accessories,7,101.89,713.23,245,468.23
ORD-00433,2025-05-13,South,CUST-0098,Laptop,Electronics,6,918.01,5508.06,3900,1608.06
ORD-00434,2025-01-27,East,CUST-0122,Desk,Furniture,2,336.22,672.44,300,372.44
ORD-00435,2025-04-09,South,CUST-0052,Laptop,Electronics,5,929.0,4645.0,3250,1395.0
ORD-00436,2025-03-24,South,CUST-0062,Monitor,Electronics,4,280.25,1121.0,720,401.0
ORD-00437,2025-05-21,West,CUST-0095,Mouse,Accessories,4,39.15,156.6,60,96.6
ORD-00438,2025-09-26,South,CUST-0124,Printer,Electronics,5,221.86,1109.3,450,659.3
ORD-00439,2025-05-11,South,CUST-0074,Office Chair,Furniture,6,245.29,1471.74,720,751.74
ORD-00440,2025-03-14,West,CUST-0100,Desk,Furniture,4,326.95,1307.8,600,707.8
ORD-00441,2025-09-08,East,CUST-0075,Monitor,Electronics,3,309.81,929.43,540,389.43
ORD-00442,2025-04-22,South,CUST-0127,Headphones,Accessories,3,93.45,280.35,105,175.35
ORD-00443,2025-04-10,East,CUST-0080,Keyboard,Accessories,3,58.78,176.34,75,101.34
ORD-00444,2025-05-18,North,CUST-0067,Printer,Electronics,4,234.94,939.76,360,579.76
ORD-00445,2025-05-28,South,CUST-0094,Headphones,Accessories,5,96.23,481.15,175,306.15
ORD-00446,2025-07-07,West,CUST-0118,Monitor,Electronics,5,303.93,1519.65,900,619.65
ORD-00447,2025-04-18,North,CUST-0111,Headphones,Accessories,1,100.45,100.45,35,65.45
ORD-00448,2025-03-26,East,CUST-0046,Keyboard,Accessories,1,55.64,55.64,25,30.64
ORD-00449,2025-07-07,West,CUST-0129,Monitor,Electronics,2,316.46,632.92,360,272.92
ORD-00450,2025-10-20,North,CUST-0143,Monitor,Electronics,7,285.53,1998.71,1260,738.71
ORD-00451,2025-02-21,West,CUST-0110,Printer,Electronics,6,206.49,1238.94,540,698.94
ORD-00452,2025-07-17,South,CUST-0142,Keyboard,Accessories,4,64.32,257.28,100,157.28
ORD-00453,2025-08-06,South,CUST-0117,Laptop,Electronics,7,953.6,6675.2,4550,2125.2
ORD-00454,2025-10-02,East,CUST-0124,Office Chair,Furniture,7,261.67,1831.69,840,991.69
ORD-00455,2025-11-20,East,CUST-0074,Keyboard,Accessories,7,59.0,413.0,175,238.0
ORD-00456,2025-06-11,West,CUST-0093,Headphones,Accessories,2,92.83,185.66,70,115.66
ORD-00457,2025-06-13,North,CUST-0087,Office Chair,Furniture,3,232.3,696.9,360,336.9
ORD-00458,2025-10-02,North,CUST-0143,Desk,Furniture,5,339.94,1699.7,750,949.7
ORD-00459,2025-04-05,North,CUST-0002,Monitor,Electronics,6,310.9,1865.4,1080,785.4
ORD-00460,2025-09-24,South,CUST-0041,Printer,Electronics,7,225.89,1581.23,630,951.23
ORD-00461,2025-11-07,North,CUST-0014,Mouse,Accessories,1,38.26,38.26,15,23.26
ORD-00462,2025-08-19,North,CUST-0096,Mouse,Accessories,7,40.83,285.81,105,180.81
ORD-00463,2025-11-21,East,CUST-0112,Mouse,Accessories,5,37.42,187.1,75,112.1
ORD-00464,2025-11-12,South,CUST-0096,Desk,Furniture,3,323.49,970.47,450,520.47
ORD-00465,2025-06-13,North,CUST-0019,Laptop,Electronics,1,912.58,912.58,650,262.58
ORD-00466,2025-10-14,East,CUST-0148,Laptop,Electronics,4,925.63,3702.52,2600,1102.52
ORD-00467,2025-02-22,West,CUST-0109,Office Chair,Furniture,7,232.63,1628.41,840,788.41
ORD-00468,2025-11-14,South,CUST-0073,Mouse,Accessories,4,38.42,153.68,60,93.68
ORD-00469,2025-01-02,East,CUST-0013,Monitor,Electronics,1,289.66,289.66,180,109.66
ORD-00470,2025-01-26,North,CUST-0059,Headphones,Accessories,5,92.07,460.35,175,285.35
ORD-00471,2025-07-03,West,CUST-0117,Headphones,Accessories,4,95.51,382.04,140,242.04
ORD-00472,2025-02-09,North,CUST-0116,Mouse,Accessories,7,38.48,269.36,105,164.36
ORD-00473,2025-08-09,South,CUST-0137,Monitor,Electronics,1,282.96,282.96,180,102.96
ORD-00474,2025-12-31,South,CUST-0119,Mouse,Accessories,5,39.83,199.15,75,124.15
ORD-00475,2025-03-19,West,CUST-0086,Laptop,Electronics,4,868.13,3472.52,2600,872.52
ORD-00476,2025-01-29,North,CUST-0080,Laptop,Electronics,5,852.24,4261.2,3250,1011.2
ORD-00477,2025-10-10,East,CUST-0147,Headphones,Accessories,5,103.99,519.95,175,344.95
ORD-00478,2025-08-25,West,CUST-0139,Desk,Furniture,4,338.0,1352.0,600,752.0
ORD-00479,2025-01-27,East,CUST-0121,Mouse,Accessories,7,39.01,273.07,105,168.07
ORD-00480,2025-05-20,East,CUST-0120,Monitor,Electronics,1,287.71,287.71,180,107.71
ORD-00481,2025-05-26,North,CUST-0041,Printer,Electronics,7,233.23,1632.61,630,1002.61
ORD-00482,2025-05-05,North,CUST-0085,Printer,Electronics,5,225.95,1129.75,450,679.75
ORD-00483,2025-10-10,North,CUST-0137,Headphones,Accessories,3,98.15,294.45,105,189.45
ORD-00484,2025-06-13,North,CUST-0083,Keyboard,Accessories,6,61.2,367.2,150,217.2
ORD-00485,2025-01-17,South,CUST-0084,Mouse,Accessories,4,38.94,155.76,60,95.76
ORD-00486,2025-07-15,North,CUST-0029,Headphones,Accessories,2,97.93,195.86,70,125.86
ORD-00487,2025-02-20,East,CUST-0037,Laptop,Electronics,2,852.68,1705.36,1300,405.36
ORD-00488,2025-07-23,South,CUST-0038,Desk,Furniture,4,348.77,1395.08,600,795.08
ORD-00489,2025-03-08,North,CUST-0039,Laptop,Electronics,1,859.32,859.32,650,209.32
ORD-00490,2025-04-12,North,CUST-0096,Keyboard,Accessories,4,62.57,250.28,100,150.28
ORD-00491,2025-01-02,South,CUST-0123,Office Chair,Furniture,6,260.83,1564.98,720,844.98
ORD-00492,2025-07-25,East,CUST-0092,Headphones,Accessories,6,97.9,587.4,210,377.4
ORD-00493,2025-12-28,East,CUST-0005,Desk,Furniture,7,358.4,2508.8,1050,1458.8
ORD-00494,2025-03-18,North,CUST-0009,Headphones,Accessories,4,105.1,420.4,140,280.4
ORD-00495,2025-10-27,North,CUST-0075,Monitor,Electronics,6,279.68,1678.08,1080,598.08
ORD-00496,2025-04-15,West,CUST-0094,Keyboard,Accessories,2,58.86,117.72,50,67.72
ORD-00497,2025-05-12,East,CUST-0137,Mouse,Accessories,6,42.32,253.92,90,163.92
ORD-00498,2025-01-21,North,CUST-0125,Laptop,Electronics,4,877.72,3510.88,2600,910.88
ORD-00499,2025-05-09,East,CUST-0111,Keyboard,Accessories,1,58.61,58.61,25,33.61
ORD-00500,2025-02-03,West,CUST-0010,Headphones,Accessories,4,97.84,391.36,140,251.36
ORD-00501,2025-04-21,South,CUST-0131,Printer,Electronics,1,231.76,231.76,90,141.76
ORD-00502,2025-11-18,West,CUST-0044,Office Chair,Furniture,6,257.52,1545.12,720,825.12
ORD-00503,2025-10-28,North,CUST-0046,Laptop,Electronics,1,838.9,838.9,650,188.9
ORD-00504,2025-05-06,West,CUST-0001,Printer,Electronics,5,203.36,1016.8,450,566.8
ORD-00505,2025-01-16,South,CUST-0028,Laptop,Electronics,7,882.83,6179.81,4550,1629.81
ORD-00506,2025-01-15,South,CUST-0135,Keyboard,Accessories,5,61.87,309.35,125,184.35
ORD-00507,2025-06-24,North,CUST-0070,Mouse,Accessories,5,41.25,206.25,75,131.25
ORD-00508,2025-04-25,North,CUST-0013,Mouse,Accessories,5,38.51,192.55,75,117.55
ORD-00509,2025-12-02,North,CUST-0020,Desk,Furniture,6,346.78,2080.68,900,1180.68
ORD-00510,2025-03-07,South,CUST-0131,Monitor,Electronics,1,300.36,300.36,180,120.36
ORD-00511,2025-10-17,North,CUST-0018,Mouse,Accessories,3,42.52,127.56,45,82.56
ORD-00512,2025-08-02,South,CUST-0080,Headphones,Accessories,1,102.34,102.34,35,67.34
ORD-00513,2025-12-01,South,CUST-0147,Keyboard,Accessories,3,61.22,183.66,75,108.66
ORD-00514,2025-10-15,South,CUST-0009,Laptop,Electronics,6,887.12,5322.72,3900,1422.72
ORD-00515,2025-08-29,South,CUST-0133,Headphones,Accessories,5,106.34,531.7,175,356.7
ORD-00516,2025-02-15,North,CUST-0010,Printer,Electronics,5,218.5,1092.5,450,642.5
ORD-00517,2025-12-04,West,CUST-0045,Desk,Furniture,6,369.21,2215.26,900,1315.26
ORD-00518,2025-11-20,East,CUST-0095,Laptop,Electronics,6,968.47,5810.82,3900,1910.82
ORD-00519,2025-12-20,East,CUST-0109,Office Chair,Furniture,2,233.48,466.96,240,226.96
ORD-00520,2025-02-18,West,CUST-0012,Headphones,Accessories,3,101.85,305.55,105,200.55
ORD-00521,2025-05-23,North,CUST-0087,Printer,Electronics,7,222.92,1560.44,630,930.44
ORD-00522,2025-01-31,North,CUST-0133,Mouse,Accessories,3,39.2,117.6,45,72.6
ORD-00523,2025-01-17,North,CUST-0055,Office Chair,Furniture,2,234.33,468.66,240,228.66
ORD-00524,2025-04-04,North,CUST-0001,Headphones,Accessories,3,93.01,279.03,105,174.03
ORD-00525,2025-01-15,South,CUST-0071,Office Chair,Furniture,5,234.6,1173.0,600,573.0
ORD-00526,2025-03-30,North,CUST-0128,Printer,Electronics,2,237.2,474.4,180,294.4
ORD-00527,2025-12-14,South,CUST-0059,Laptop,Electronics,1,956.66,956.66,650,306.66
ORD-00528,2025-05-16,North,CUST-0038,Keyboard,Accessories,7,60.55,423.85,175,248.85
ORD-00529,2025-03-17,West,CUST-0116,Office Chair,Furniture,4,242.65,970.6,480,490.6
ORD-00530,2025-06-24,South,CUST-0097,Mouse,Accessories,5,42.82,214.1,75,139.1
ORD-00531,2025-06-04,South,CUST-0103,Mouse,Accessories,3,38.49,115.47,45,70.47
ORD-00532,2025-06-14,South,CUST-0044,Desk,Furniture,5,339.03,1695.15,750,945.15
ORD-00533,2025-05-30,West,CUST-0017,Mouse,Accessories,3,38.8,116.4,45,71.4
ORD-00534,2025-08-19,East,CUST-0090,Keyboard,Accessories,7,59.61,417.27,175,242.27
ORD-00535,2025-09-21,East,CUST-0148,Office Chair,Furniture,6,233.82,1402.92,720,682.92
ORD-00536,2025-11-02,West,CUST-0091,Printer,Electronics,6,225.05,1350.3,540,810.3
ORD-00537,2025-03-25,East,CUST-0075,Monitor,Electronics,7,318.98,2232.86,1260,972.86
ORD-00538,2025-07-24,West,CUST-0090,Headphones,Accessories,4,92.95,371.8,140,231.8
ORD-00539,2025-11-26,East,CUST-0133,Desk,Furniture,5,336.33,1681.65,750,931.65
ORD-00540,2025-02-17,East,CUST-0080,Desk,Furniture,2,322.47,644.94,300,344.94
ORD-00541,2025-07-17,South,CUST-0056,Mouse,Accessories,7,41.71,291.97,105,186.97
ORD-00542,2025-08-17,North,CUST-0142,Headphones,Accessories,3,96.64,289.92,105,184.92
ORD-00543,2025-03-02,South,CUST-0067,Headphones,Accessories,1,102.87,102.87,35,67.87
ORD-00544,2025-11-26,East,CUST-0005,Mouse,Accessories,3,41.52,124.56,45,79.56
ORD-00545,2025-05-27,South,CUST-0111,Keyboard,Accessories,7,58.58,410.06,175,235.06
ORD-00546,2025-01-09,East,CUST-0122,Keyboard,Accessories,5,63.9,319.5,125,194.5
ORD-00547,2025-12-25,West,CUST-0111,Laptop,Electronics,7,945.01,6615.07,4550,2065.07
ORD-00548,2025-04-30,West,CUST-0001,Headphones,Accessories,1,106.38,106.38,35,71.38
ORD-00549,2025-01-10,South,CUST-0108,Headphones,Accessories,6,104.1,624.6,210,414.6
ORD-00550,2025-07-03,East,CUST-0050,Monitor,Electronics,2,276.62,553.24,360,193.24
ORD-00551,2025-05-16,South,CUST-0004,Monitor,Electronics,4,295.32,1181.28,720,461.28
ORD-00552,2025-01-17,West,CUST-0032,Office Chair,Furniture,6,259.25,1555.5,720,835.5
ORD-00553,2025-09-14,North,CUST-0085,Headphones,Accessories,2,99.96,199.92,70,129.92
ORD-00554,2025-02-24,South,CUST-0001,Office Chair,Furniture,7,233.43,1634.01,840,794.01
ORD-00555,2025-06-22,East,CUST-0144,Keyboard,Accessories,1,60.14,60.14,25,35.14
ORD-00556,2025-02-11,South,CUST-0050,Office Chair,Furniture,2,251.23,502.46,240,262.46
ORD-00557,2025-11-14,South,CUST-0025,Office Chair,Furniture,4,258.65,1034.6,480,554.6
ORD-00558,2025-05-09,West,CUST-0134,Headphones,Accessories,6,98.52,591.12,210,381.12
ORD-00559,2025-07-16,North,CUST-0076,Headphones,Accessories,7,101.48,710.36,245,465.36
ORD-00560,2025-05-28,South,CUST-0135,Office Chair,Furniture,3,243.36,730.08,360,370.08
ORD-00561,2025-12-25,South,CUST-0067,Office Chair,Furniture,3,235.69,707.07,360,347.07
ORD-00562,2025-09-15,West,CUST-0137,Headphones,Accessories,1,106.32,106.32,35,71.32
ORD-00563,2025-07-02,North,CUST-0110,Desk,Furniture,1,347.94,347.94,150,197.94
ORD-00564,2025-05-14,North,CUST-0024,Desk,Furniture,7,329.35,2305.45,1050,1255.45
ORD-00565,2025-04-07,South,CUST-0116,Keyboard,Accessories,5,55.37,276.85,125,151.85
ORD-00566,2025-01-28,East,CUST-0103,Office Chair,Furniture,6,266.72,1600.32,720,880.32
ORD-00567,2025-05-17,North,CUST-0051,Keyboard,Accessories,4,64.01,256.04,100,156.04
ORD-00568,2025-10-06,North,CUST-0109,Laptop,Electronics,7,936.73,6557.11,4550,2007.11
ORD-00569,2025-09-08,East,CUST-0144,Printer,Electronics,5,218.0,1090.0,450,640.0
ORD-00570,2025-09-22,North,CUST-0008,Desk,Furniture,3,364.4,1093.2,450,643.2
ORD-00571,2025-04-20,West,CUST-0034,Office Chair,Furniture,7,266.46,1865.22,840,1025.22
ORD-00572,2025-09-13,North,CUST-0092,Mouse,Accessories,2,40.2,80.4,30,50.4
ORD-00573,2025-06-29,West,CUST-0144,Monitor,Electronics,2,287.5,575.0,360,215.0
ORD-00574,2025-09-19,West,CUST-0112,Office Chair,Furniture,1,259.27,259.27,120,139.27
ORD-00575,2025-10-03,East,CUST-0147,Monitor,Electronics,6,314.65,1887.9,1080,807.9
ORD-00576,2025-09-16,West,CUST-0113,Headphones,Accessories,3,96.54,289.62,105,184.62
ORD-00577,2025-03-18,East,CUST-0005,Laptop,Electronics,7,893.66,6255.62,4550,1705.62
ORD-00578,2025-12-21,North,CUST-0013,Printer,Electronics,2,233.3,466.6,180,286.6
ORD-00579,2025-10-17,South,CUST-0068,Monitor,Electronics,5,305.36,1526.8,900,626.8
ORD-00580,2025-06-20,West,CUST-0123,Keyboard,Accessories,7,56.15,393.05,175,218.05
ORD-00581,2025-11-26,West,CUST-0119,Printer,Electronics,6,225.95,1355.7,540,815.7
ORD-00582,2025-07-28,North,CUST-0150,Desk,Furniture,6,349.38,2096.28,900,1196.28
ORD-00583,2025-05-12,North,CUST-0025,Headphones,Accessories,5,96.5,482.5,175,307.5
ORD-00584,2025-01-15,West,CUST-0120,Printer,Electronics,6,237.03,1422.18,540,882.18
ORD-00585,2025-11-20,North,CUST-0136,Printer,Electronics,2,205.79,411.58,180,231.58
ORD-00586,2025-09-19,East,CUST-0080,Desk,Furniture,2,371.73,743.46,300,443.46
ORD-00587,2025-11-09,West,CUST-0150,Printer,Electronics,1,219.47,219.47,90,129.47
ORD-00588,2025-03-22,East,CUST-0076,Laptop,Electronics,2,863.72,1727.44,1300,427.44
ORD-00589,2025-01-18,South,CUST-0096,Printer,Electronics,4,208.14,832.56,360,472.56
ORD-00590,2025-12-14,West,CUST-0034,Printer,Electronics,4,237.11,948.44,360,588.44
ORD-00591,2025-05-02,East,CUST-0027,Headphones,Accessories,5,100.06,500.3,175,325.3
ORD-00592,2025-01-15,West,CUST-0100,Laptop,Electronics,4,887.16,3548.64,2600,948.64
ORD-00593,2025-05-30,West,CUST-0030,Mouse,Accessories,4,42.34,169.36,60,109.36
ORD-00594,2025-12-21,West,CUST-0076,Mouse,Accessories,2,36.86,73.72,30,43.72
ORD-00595,2025-05-03,West,CUST-0130,Printer,Electronics,4,226.02,904.08,360,544.08
ORD-00596,2025-04-22,South,CUST-0018,Printer,Electronics,7,205.0,1435.0,630,805.0
ORD-00597,2025-10-20,East,CUST-0108,Laptop,Electronics,3,854.8,2564.4,1950,614.4
ORD-00598,2025-08-21,West,CUST-0090,Desk,Furniture,1,327.26,327.26,150,177.26
ORD-00599,2025-02-22,West,CUST-0009,Mouse,Accessories,4,42.67,170.68,60,110.68
ORD-00600,2025-06-24,North,CUST-0043,Desk,Furniture,2,367.57,735.14,300,435.14
ORD-00601,2025-03-25,West,CUST-0024,Desk,Furniture,5,322.78,1613.9,750,863.9
ORD-00602,2025-05-26,South,CUST-0117,Monitor,Electronics,1,286.35,286.35,180,106.35
ORD-00603,2025-01-15,North,CUST-0068,Laptop,Electronics,5,887.67,4438.35,3250,1188.35
ORD-00604,2025-01-24,South,CUST-0148,Desk,Furniture,4,358.53,1434.12,600,834.12
ORD-00605,2025-09-20,North,CUST-0057,Printer,Electronics,2,223.04,446.08,180,266.08
ORD-00606,2025-07-03,South,CUST-0085,Mouse,Accessories,4,41.9,167.6,60,107.6
ORD-00607,2025-05-09,West,CUST-0144,Headphones,Accessories,1,98.04,98.04,35,63.04
ORD-00608,2025-08-03,North,CUST-0134,Desk,Furniture,5,333.88,1669.4,750,919.4
ORD-00609,2025-10-23,West,CUST-0027,Headphones,Accessories,3,100.07,300.21,105,195.21
ORD-00610,2025-12-06,East,CUST-0085,Keyboard,Accessories,1,57.23,57.23,25,32.23
ORD-00611,2025-05-06,West,CUST-0024,Headphones,Accessories,6,102.37,614.22,210,404.22
ORD-00612,2025-03-18,East,CUST-0088,Headphones,Accessories,6,104.31,625.86,210,415.86
ORD-00613,2025-04-04,East,CUST-0061,Mouse,Accessories,7,36.97,258.79,105,153.79
ORD-00614,2025-04-10,North,CUST-0124,Office Chair,Furniture,6,243.73,1462.38,720,742.38
ORD-00615,2025-11-03,South,CUST-0036,Headphones,Accessories,1,106.3,106.3,35,71.3
ORD-00616,2025-07-08,North,CUST-0012,Mouse,Accessories,4,42.99,171.96,60,111.96
ORD-00617,2025-11-11,South,CUST-0048,Keyboard,Accessories,7,64.1,448.7,175,273.7
ORD-00618,2025-07-18,East,CUST-0121,Desk,Furniture,4,363.22,1452.88,600,852.88
ORD-00619,2025-06-26,West,CUST-0090,Desk,Furniture,4,340.56,1362.24,600,762.24
ORD-00620,2025-10-26,North,CUST-0006,Laptop,Electronics,4,966.44,3865.76,2600,1265.76
ORD-00621,2025-01-08,North,CUST-0064,Laptop,Electronics,3,964.65,2893.95,1950,943.95
ORD-00622,2025-02-23,South,CUST-0015,Office Chair,Furniture,1,255.39,255.39,120,135.39
ORD-00623,2025-07-23,North,CUST-0060,Desk,Furniture,3,372.77,1118.31,450,668.31
ORD-00624,2025-04-17,East,CUST-0051,Office Chair,Furniture,3,260.0,780.0,360,420.0
ORD-00625,2025-12-29,South,CUST-0020,Mouse,Accessories,1,42.64,42.64,15,27.64
ORD-00626,2025-04-10,South,CUST-0147,Monitor,Electronics,6,318.11,1908.66,1080,828.66
ORD-00627,2025-12-17,West,CUST-0089,Office Chair,Furniture,2,262.58,525.16,240,285.16
ORD-00628,2025-04-17,South,CUST-0099,Monitor,Electronics,1,312.52,312.52,180,132.52
ORD-00629,2025-03-31,North,CUST-0086,Monitor,Electronics,2,304.92,609.84,360,249.84
ORD-00630,2025-12-12,West,CUST-0076,Headphones,Accessories,4,105.46,421.84,140,281.84
ORD-00631,2025-06-25,South,CUST-0132,Desk,Furniture,3,377.86,1133.58,450,683.58
ORD-00632,2025-05-07,East,CUST-0052,Monitor,Electronics,1,291.1,291.1,180,111.1
ORD-00633,2025-10-21,West,CUST-0112,Headphones,Accessories,1,95.59,95.59,35,60.59
ORD-00634,2025-06-09,East,CUST-0077,Laptop,Electronics,2,864.28,1728.56,1300,428.56
ORD-00635,2025-05-27,South,CUST-0099,Desk,Furniture,7,342.71,2398.97,1050,1348.97
ORD-00636,2025-06-23,West,CUST-0088,Mouse,Accessories,1,40.3,40.3,15,25.3
ORD-00637,2025-01-13,East,CUST-0139,Keyboard,Accessories,6,55.9,335.4,150,185.4
ORD-00638,2025-08-27,North,CUST-0035,Headphones,Accessories,6,101.85,611.1,210,401.1
ORD-00639,2025-04-22,North,CUST-0069,Laptop,Electronics,5,944.52,4722.6,3250,1472.6
ORD-00640,2025-07-14,West,CUST-0110,Mouse,Accessories,4,43.17,172.68,60,112.68
ORD-00641,2025-03-21,West,CUST-0016,Headphones,Accessories,7,102.68,718.76,245,473.76
ORD-00642,2025-02-22,South,CUST-0003,Laptop,Electronics,5,954.91,4774.55,3250,1524.55
ORD-00643,2025-07-24,East,CUST-0046,Monitor,Electronics,6,298.16,1788.96,1080,708.96
ORD-00644,2025-10-30,West,CUST-0113,Headphones,Accessories,2,94.99,189.98,70,119.98
ORD-00645,2025-07-01,North,CUST-0078,Laptop,Electronics,1,901.08,901.08,650,251.08
ORD-00646,2025-06-19,North,CUST-0029,Printer,Electronics,3,226.13,678.39,270,408.39
ORD-00647,2025-09-03,South,CUST-0093,Monitor,Electronics,2,279.78,559.56,360,199.56
ORD-00648,2025-05-07,South,CUST-0150,Laptop,Electronics,2,869.37,1738.74,1300,438.74
ORD-00649,2025-10-30,North,CUST-0069,Desk,Furniture,7,359.36,2515.52,1050,1465.52
ORD-00650,2025-06-03,West,CUST-0119,Desk,Furniture,4,351.06,1404.24,600,804.24
ORD-00651,2025-04-17,South,CUST-0016,Monitor,Electronics,2,317.71,635.42,360,275.42
ORD-00652,2025-12-30,West,CUST-0138,Mouse,Accessories,7,41.0,287.0,105,182.0
ORD-00653,2025-05-15,South,CUST-0053,Keyboard,Accessories,7,64.64,452.48,175,277.48
ORD-00654,2025-07-29,East,CUST-0026,Monitor,Electronics,1,291.78,291.78,180,111.78
ORD-00655,2025-12-24,East,CUST-0018,Mouse,Accessories,5,39.49,197.45,75,122.45
ORD-00656,2025-09-25,South,CUST-0039,Laptop,Electronics,7,843.19,5902.33,4550,1352.33
ORD-00657,2025-09-03,North,CUST-0021,Monitor,Electronics,2,293.13,586.26,360,226.26
ORD-00658,2025-07-27,West,CUST-0011,Laptop,Electronics,6,902.28,5413.68,3900,1513.68
ORD-00659,2025-01-01,East,CUST-0080,Desk,Furniture,1,338.74,338.74,150,188.74
ORD-00660,2025-09-15,South,CUST-0066,Monitor,Electronics,7,287.69,2013.83,1260,753.83
ORD-00661,2025-03-13,West,CUST-0149,Office Chair,Furniture,2,231.48,462.96,240,222.96
ORD-00662,2025-09-19,South,CUST-0073,Monitor,Electronics,4,286.25,1145.0,720,425.0
ORD-00663,2025-08-12,North,CUST-0041,Keyboard,Accessories,6,57.44,344.64,150,194.64
ORD-00664,2025-09-09,South,CUST-0085,Monitor,Electronics,5,276.26,1381.3,900,481.3
ORD-00665,2025-07-29,North,CUST-0116,Laptop,Electronics,5,967.14,4835.7,3250,1585.7
ORD-00666,2025-03-23,West,CUST-0117,Mouse,Accessories,7,41.87,293.09,105,188.09
ORD-00667,2025-07-26,North,CUST-0072,Keyboard,Accessories,5,56.2,281.0,125,156.0
ORD-00668,2025-08-29,North,CUST-0082,Printer,Electronics,4,236.86,947.44,360,587.44
ORD-00669,2025-12-08,East,CUST-0109,Laptop,Electronics,5,869.44,4347.2,3250,1097.2
ORD-00670,2025-05-10,South,CUST-0054,Monitor,Electronics,7,280.56,1963.92,1260,703.92
ORD-00671,2025-07-24,South,CUST-0075,Office Chair,Furniture,6,253.08,1518.48,720,798.48
ORD-00672,2025-01-20,West,CUST-0024,Office Chair,Furniture,2,232.66,465.32,240,225.32
ORD-00673,2025-04-08,South,CUST-0081,Printer,Electronics,5,211.48,1057.4,450,607.4
ORD-00674,2025-10-03,South,CUST-0056,Printer,Electronics,3,214.17,642.51,270,372.51
ORD-00675,2025-11-23,North,CUST-0056,Laptop,Electronics,2,859.33,1718.66,1300,418.66
ORD-00676,2025-06-11,East,CUST-0084,Headphones,Accessories,1,101.44,101.44,35,66.44
ORD-00677,2025-03-21,South,CUST-0040,Printer,Electronics,7,232.74,1629.18,630,999.18
ORD-00678,2025-09-16,South,CUST-0078,Laptop,Electronics,1,945.03,945.03,650,295.03
ORD-00679,2025-02-25,North,CUST-0051,Desk,Furniture,3,337.32,1011.96,450,561.96
ORD-00680,2025-10-27,South,CUST-0086,Desk,Furniture,7,371.35,2599.45,1050,1549.45
ORD-00681,2025-06-04,East,CUST-0031,Headphones,Accessories,4,97.03,388.12,140,248.12
ORD-00682,2025-08-03,East,CUST-0134,Keyboard,Accessories,1,58.61,58.61,25,33.61
ORD-00683,2025-02-06,East,CUST-0141,Desk,Furniture,2,357.74,715.48,300,415.48
ORD-00684,2025-03-11,South,CUST-0106,Desk,Furniture,5,330.48,1652.4,750,902.4
ORD-00685,2025-01-09,West,CUST-0145,Monitor,Electronics,2,316.16,632.32,360,272.32
ORD-00686,2025-05-24,North,CUST-0008,Monitor,Electronics,2,309.53,619.06,360,259.06
ORD-00687,2025-10-19,North,CUST-0139,Monitor,Electronics,2,295.98,591.96,360,231.96
ORD-00688,2025-05-25,South,CUST-0061,Printer,Electronics,3,208.77,626.31,270,356.31
ORD-00689,2025-12-15,North,CUST-0071,Monitor,Electronics,7,280.79,1965.53,1260,705.53
ORD-00690,2025-07-01,East,CUST-0086,Monitor,Electronics,7,280.75,1965.25,1260,705.25
ORD-00691,2025-08-19,South,CUST-0125,Laptop,Electronics,3,863.95,2591.85,1950,641.85
ORD-00692,2025-07-18,South,CUST-0127,Monitor,Electronics,5,315.92,1579.6,900,679.6
ORD-00693,2025-02-26,North,CUST-0004,Mouse,Accessories,6,38.69,232.14,90,142.14
ORD-00694,2025-01-02,East,CUST-0125,Office Chair,Furniture,3,234.75,704.25,360,344.25
ORD-00695,2025-01-03,North,CUST-0016,Monitor,Electronics,5,308.08,1540.4,900,640.4
ORD-00696,2025-04-24,North,CUST-0068,Desk,Furniture,4,337.19,1348.76,600,748.76
ORD-00697,2025-12-28,West,CUST-0117,Laptop,Electronics,6,864.32,5185.92,3900,1285.92
ORD-00698,2025-10-17,West,CUST-0114,Desk,Furniture,5,334.15,1670.75,750,920.75
ORD-00699,2025-12-30,South,CUST-0073,Desk,Furniture,1,323.48,323.48,150,173.48
ORD-00700,2025-10-26,South,CUST-0058,Desk,Furniture,1,350.89,350.89,150,200.89
ORD-00701,2025-12-14,East,CUST-0035,Keyboard,Accessories,1,59.89,59.89,25,34.89
ORD-00702,2025-02-01,South,CUST-0080,Printer,Electronics,5,234.04,1170.2,450,720.2
ORD-00703,2025-08-20,North,CUST-0061,Keyboard,Accessories,6,55.62,333.72,150,183.72
ORD-00704,2025-02-17,East,CUST-0081,Office Chair,Furniture,2,252.51,505.02,240,265.02
ORD-00705,2025-04-19,North,CUST-0075,Laptop,Electronics,3,927.8,2783.4,1950,833.4
ORD-00706,2025-12-25,West,CUST-0095,Monitor,Electronics,7,320.33,2242.31,1260,982.31
ORD-00707,2025-08-27,North,CUST-0090,Headphones,Accessories,2,102.18,204.36,70,134.36
ORD-00708,2025-05-27,West,CUST-0063,Headphones,Accessories,4,105.92,423.68,140,283.68
ORD-00709,2025-05-17,East,CUST-0066,Mouse,Accessories,1,41.87,41.87,15,26.87
ORD-00710,2025-12-06,East,CUST-0017,Printer,Electronics,4,221.25,885.0,360,525.0
ORD-00711,2025-05-27,South,CUST-0070,Office Chair,Furniture,1,243.75,243.75,120,123.75
ORD-00712,2025-11-16,East,CUST-0063,Printer,Electronics,7,230.74,1615.18,630,985.18
ORD-00713,2025-08-05,West,CUST-0014,Laptop,Electronics,7,935.69,6549.83,4550,1999.83
ORD-00714,2025-07-13,South,CUST-0070,Office Chair,Furniture,4,230.52,922.08,480,442.08
ORD-00715,2025-11-18,South,CUST-0047,Office Chair,Furniture,5,234.15,1170.75,600,570.75
ORD-00716,2025-10-17,East,CUST-0035,Office Chair,Furniture,1,257.8,257.8,120,137.8
ORD-00717,2025-03-11,West,CUST-0079,Mouse,Accessories,5,39.97,199.85,75,124.85
ORD-00718,2025-10-14,North,CUST-0003,Laptop,Electronics,4,953.84,3815.36,2600,1215.36
ORD-00719,2025-01-03,South,CUST-0114,Desk,Furniture,5,370.74,1853.7,750,1103.7
ORD-00720,2025-02-09,South,CUST-0018,Headphones,Accessories,4,99.82,399.28,140,259.28
ORD-00721,2025-08-05,North,CUST-0130,Laptop,Electronics,4,830.93,3323.72,2600,723.72
ORD-00722,2025-04-04,North,CUST-0107,Monitor,Electronics,4,279.59,1118.36,720,398.36
ORD-00723,2025-10-25,North,CUST-0053,Mouse,Accessories,7,38.73,271.11,105,166.11
ORD-00724,2025-06-16,East,CUST-0058,Office Chair,Furniture,5,263.72,1318.6,600,718.6
ORD-00725,2025-06-03,East,CUST-0098,Printer,Electronics,6,217.8,1306.8,540,766.8
ORD-00726,2025-12-12,West,CUST-0040,Printer,Electronics,1,224.78,224.78,90,134.78
ORD-00727,2025-01-04,West,CUST-0131,Office Chair,Furniture,2,248.4,496.8,240,256.8
ORD-00728,2025-08-04,East,CUST-0134,Desk,Furniture,2,346.53,693.06,300,393.06
ORD-00729,2025-07-03,North,CUST-0097,Laptop,Electronics,7,854.7,5982.9,4550,1432.9
ORD-00730,2025-10-12,North,CUST-0087,Printer,Electronics,4,216.74,866.96,360,506.96
ORD-00731,2025-12-08,East,CUST-0034,Desk,Furniture,2,364.11,728.22,300,428.22
ORD-00732,2025-02-22,East,CUST-0014,Office Chair,Furniture,3,240.97,722.91,360,362.91
ORD-00733,2025-08-22,East,CUST-0086,Monitor,Electronics,1,291.76,291.76,180,111.76
ORD-00734,2025-11-12,North,CUST-0097,Mouse,Accessories,5,37.99,189.95,75,114.95
ORD-00735,2025-12-31,West,CUST-0088,Headphones,Accessories,5,95.17,475.85,175,300.85
ORD-00736,2025-01-26,East,CUST-0144,Desk,Furniture,1,353.83,353.83,150,203.83
ORD-00737,2025-02-01,South,CUST-0131,Office Chair,Furniture,6,267.19,1603.14,720,883.14
ORD-00738,2025-10-29,North,CUST-0084,Keyboard,Accessories,6,59.26,355.56,150,205.56
ORD-00739,2025-07-02,West,CUST-0100,Keyboard,Accessories,2,60.27,120.54,50,70.54
ORD-00740,2025-08-09,South,CUST-0146,Mouse,Accessories,7,40.24,281.68,105,176.68
ORD-00741,2025-02-02,West,CUST-0077,Printer,Electronics,2,223.09,446.18,180,266.18
ORD-00742,2025-10-27,South,CUST-0040,Office Chair,Furniture,7,251.95,1763.65,840,923.65
ORD-00743,2025-10-12,South,CUST-0126,Desk,Furniture,4,347.65,1390.6,600,790.6
ORD-00744,2025-12-26,East,CUST-0036,Desk,Furniture,7,344.53,2411.71,1050,1361.71
ORD-00745,2025-10-08,West,CUST-0068,Printer,Electronics,7,215.28,1506.96,630,876.96
ORD-00746,2025-02-03,East,CUST-0021,Office Chair,Furniture,2,233.72,467.44,240,227.44
ORD-00747,2025-09-04,East,CUST-0120,Office Chair,Furniture,3,261.04,783.12,360,423.12
ORD-00748,2025-08-15,West,CUST-0080,Laptop,Electronics,6,933.63,5601.78,3900,1701.78
ORD-00749,2025-07-29,East,CUST-0104,Office Chair,Furniture,6,249.33,1495.98,720,775.98
ORD-00750,2025-08-15,South,CUST-0068,Mouse,Accessories,3,39.65,118.95,45,73.95
ORD-00751,2025-08-25,North,CUST-0124,Office Chair,Furniture,7,241.22,1688.54,840,848.54
ORD-00752,2025-05-10,East,CUST-0136,Headphones,Accessories,2,92.23,184.46,70,114.46
ORD-00753,2025-06-01,West,CUST-0048,Printer,Electronics,2,236.21,472.42,180,292.42
ORD-00754,2025-02-11,North,CUST-0022,Mouse,Accessories,2,41.86,83.72,30,53.72
ORD-00755,2025-12-03,South,CUST-0042,Keyboard,Accessories,4,63.77,255.08,100,155.08
ORD-00756,2025-03-09,West,CUST-0020,Laptop,Electronics,3,949.26,2847.78,1950,897.78
ORD-00757,2025-04-27,South,CUST-0012,Monitor,Electronics,4,285.02,1140.08,720,420.08
ORD-00758,2025-06-29,South,CUST-0089,Mouse,Accessories,1,36.98,36.98,15,21.98
ORD-00759,2025-05-10,South,CUST-0150,Monitor,Electronics,5,313.16,1565.8,900,665.8
ORD-00760,2025-06-21,North,CUST-0122,Keyboard,Accessories,5,60.71,303.55,125,178.55
ORD-00761,2025-08-14,East,CUST-0125,Keyboard,Accessories,4,58.92,235.68,100,135.68
ORD-00762,2025-02-01,East,CUST-0125,Monitor,Electronics,1,276.54,276.54,180,96.54
ORD-00763,2025-09-16,West,CUST-0036,Keyboard,Accessories,7,63.91,447.37,175,272.37
ORD-00764,2025-10-15,North,CUST-0057,Monitor,Electronics,1,289.75,289.75,180,109.75
ORD-00765,2025-09-24,East,CUST-0051,Desk,Furniture,2,372.73,745.46,300,445.46
ORD-00766,2025-05-04,East,CUST-0136,Keyboard,Accessories,3,56.24,168.72,75,93.72
ORD-00767,2025-07-13,North,CUST-0094,Office Chair,Furniture,6,267.41,1604.46,720,884.46
ORD-00768,2025-12-08,East,CUST-0084,Headphones,Accessories,3,95.71,287.13,105,182.13
ORD-00769,2025-10-20,North,CUST-0143,Monitor,Electronics,1,297.79,297.79,180,117.79
ORD-00770,2025-03-21,North,CUST-0089,Printer,Electronics,4,234.8,939.2,360,579.2
ORD-00771,2025-02-06,South,CUST-0008,Laptop,Electronics,6,833.24,4999.44,3900,1099.44
ORD-00772,2025-01-01,East,CUST-0070,Desk,Furniture,6,375.16,2250.96,900,1350.96
ORD-00773,2025-09-12,West,CUST-0077,Office Chair,Furniture,3,238.43,715.29,360,355.29
ORD-00774,2025-01-11,North,CUST-0070,Laptop,Electronics,5,890.27,4451.35,3250,1201.35
ORD-00775,2025-07-23,East,CUST-0025,Printer,Electronics,7,203.28,1422.96,630,792.96
ORD-00776,2025-01-24,East,CUST-0061,Keyboard,Accessories,2,60.87,121.74,50,71.74
ORD-00777,2025-11-13,West,CUST-0005,Monitor,Electronics,6,293.98,1763.88,1080,683.88
ORD-00778,2025-08-02,East,CUST-0031,Mouse,Accessories,1,40.31,40.31,15,25.31
ORD-00779,2025-02-04,West,CUST-0127,Keyboard,Accessories,3,58.21,174.63,75,99.63
ORD-00780,2025-01-03,West,CUST-0042,Monitor,Electronics,2,287.35,574.7,360,214.7
ORD-00781,2025-10-10,North,CUST-0074,Keyboard,Accessories,5,61.45,307.25,125,182.25
ORD-00782,2025-06-28,South,CUST-0008,Keyboard,Accessories,3,58.01,174.03,75,99.03
ORD-00783,2025-07-18,South,CUST-0138,Headphones,Accessories,3,106.79,320.37,105,215.37
ORD-00784,2025-11-07,East,CUST-0014,Office Chair,Furniture,2,268.93,537.86,240,297.86
ORD-00785,2025-09-14,East,CUST-0062,Headphones,Accessories,1,105.68,105.68,35,70.68
ORD-00786,2025-10-28,North,CUST-0150,Desk,Furniture,6,342.67,2056.02,900,1156.02
ORD-00787,2025-12-01,North,CUST-0141,Printer,Electronics,3,234.4,703.2,270,433.2
ORD-00788,2025-08-30,West,CUST-0021,Desk,Furniture,2,325.13,650.26,300,350.26
ORD-00789,2025-01-02,North,CUST-0134,Headphones,Accessories,5,93.6,468.0,175,293.0
ORD-00790,2025-11-25,North,CUST-0017,Laptop,Electronics,3,922.45,2767.35,1950,817.35
ORD-00791,2025-06-29,North,CUST-0108,Printer,Electronics,3,210.82,632.46,270,362.46
ORD-00792,2025-05-08,South,CUST-0123,Monitor,Electronics,1,302.91,302.91,180,122.91
ORD-00793,2025-07-10,South,CUST-0022,Printer,Electronics,4,232.02,928.08,360,568.08
ORD-00794,2025-06-08,East,CUST-0141,Printer,Electronics,4,221.24,884.96,360,524.96
ORD-00795,2025-09-20,East,CUST-0037,Office Chair,Furniture,4,263.48,1053.92,480,573.92
ORD-00796,2025-12-09,South,CUST-0126,Laptop,Electronics,6,953.05,5718.3,3900,1818.3
ORD-00797,2025-02-04,North,CUST-0137,Monitor,Electronics,5,291.83,1459.15,900,559.15
ORD-00798,2025-05-12,East,CUST-0026,Office Chair,Furniture,7,267.66,1873.62,840,1033.62
ORD-00799,2025-02-24,North,CUST-0051,Office Chair,Furniture,4,259.56,1038.24,480,558.24
ORD-00800,2025-09-20,South,CUST-0134,Mouse,Accessories,3,37.4,112.2,45,67.2
